city,total_revenue,total_transactions
NAPLES,454807.9399999998,295
ROME,437585.50999999983,311
TURIN,411543.70000000007,295
MILAN,407418.61000000016,287
FLORENCE,407224.07000000024,309
